age,job,balance,housing,loan,contact,campaign,pdays,poutcome,month_num,was_contacted_previously,age_group,proba_deposit(%),predicted_label
35,technician,204.0,yes,no,cellular,1.0,0,unknown,5,0,25-35,39.0,no
33,services,0.0,yes,no,cellular,2.0,0,unknown,5,0,25-35,36.0,no
51,technician,130.0,no,no,cellular,3.0,0,unknown,8,0,45-55,36.5,no
39,blue-collar,462.0,yes,no,cellular,1.0,0,unknown,5,0,35-45,7.5,no
41,technician,128.0,yes,no,cellular,2.0,0,unknown,8,0,35-45,30.0,no
32,unemployed,2996.0,yes,no,unknown,1.0,0,unknown,5,0,25-35,15.0,no
45,blue-collar,360.0,no,no,unknown,2.0,0,unknown,6,0,35-45,38.0,no
47,technician,0.0,no,no,unknown,1.0,0,unknown,11,0,45-55,51.0,yes
43,blue-collar,953.0,yes,no,unknown,1.0,0,unknown,5,0,35-45,5.5,no
45,services,608.0,yes,yes,cellular,3.0,323,failure,5,1,35-45,33.0,no
35,management,687.0,yes,no,unknown,2.0,0,unknown,5,0,25-35,32.5,no
67,retired,704.0,no,no,cellular,2.0,97,success,2,1,65+,100.0,yes
40,blue-collar,100.0,yes,no,unknown,2.0,0,unknown,5,0,35-45,9.0,no
78,retired,55.0,no,no,telephone,3.0,90,other,11,1,65+,75.0,yes
39,blue-collar,785.0,yes,no,cellular,2.0,0,unknown,5,0,35-45,41.0,no
49,management,1556.0,yes,no,cellular,3.0,0,unknown,7,0,45-55,21.0,no
45,technician,3395.0,yes,no,cellular,1.0,188,failure,11,1,35-45,18.0,no
33,student,2321.0,no,no,cellular,2.0,381,failure,4,1,25-35,79.0,yes
54,retired,0.0,yes,no,cellular,2.0,0,unknown,7,0,45-55,16.62,no
58,management,1697.0,no,no,unknown,2.0,0,unknown,6,0,55-65,33.0,no
49,technician,486.0,no,no,telephone,5.0,0,unknown,7,0,45-55,14.0,no
32,technician,28.0,yes,no,cellular,1.0,0,unknown,11,0,25-35,26.0,no
25,blue-collar,-289.0,yes,no,telephone,2.0,0,unknown,5,0,<25,36.5,no
47,management,1147.0,no,no,cellular,1.0,95,failure,6,1,45-55,85.5,yes
49,admin.,0.0,no,no,cellular,2.0,0,unknown,8,0,45-55,24.0,no
31,unknown,111.0,no,no,cellular,2.0,93,failure,11,1,25-35,72.0,yes
74,retired,670.0,no,no,cellular,5.0,0,unknown,4,0,65+,78.5,yes
55,technician,3899.0,yes,no,telephone,4.0,0,unknown,7,0,45-55,17.0,no
29,management,54.0,yes,yes,unknown,3.0,0,unknown,5,0,25-35,53.5,yes
51,entrepreneur,805.0,yes,no,cellular,4.0,0,unknown,8,0,45-55,52.0,yes
55,retired,1821.0,no,no,cellular,2.0,0,unknown,8,0,45-55,57.5,yes
32,technician,-770.0,yes,no,cellular,1.0,0,unknown,5,0,25-35,33.5,no
33,management,2599.0,no,no,cellular,2.0,0,unknown,4,0,25-35,88.5,yes
30,blue-collar,128.0,yes,no,unknown,1.0,0,unknown,5,0,25-35,14.0,no
28,technician,4020.5,no,no,cellular,2.0,238,other,10,1,25-35,92.0,yes
35,blue-collar,602.0,yes,no,cellular,6.0,0,unknown,5,0,25-35,32.0,no
80,housemaid,0.0,no,no,cellular,1.0,189,failure,2,1,65+,68.5,yes
68,retired,4020.5,yes,no,cellular,1.0,0,unknown,8,0,65+,80.0,yes
47,unknown,677.0,no,no,cellular,2.0,86,failure,4,1,45-55,73.0,yes
51,entrepreneur,606.0,yes,no,unknown,6.0,0,unknown,5,0,45-55,18.5,no
30,management,4020.5,yes,no,cellular,1.0,0,unknown,11,0,25-35,91.0,yes
76,retired,3049.0,no,no,cellular,3.0,0,unknown,3,0,65+,79.0,yes
42,entrepreneur,169.0,yes,no,telephone,4.0,0,unknown,5,0,35-45,14.0,no
53,admin.,1796.0,no,no,telephone,1.0,91,success,3,1,45-55,91.0,yes
38,management,4020.5,yes,no,cellular,4.0,0,unknown,5,0,35-45,41.5,no
45,entrepreneur,1273.0,yes,yes,cellular,2.0,162,failure,11,1,35-45,24.5,no
53,retired,-309.0,yes,no,cellular,2.0,428,success,8,1,45-55,89.0,yes
34,management,-311.0,yes,no,unknown,2.0,0,unknown,5,0,25-35,18.5,no
46,technician,3434.0,no,yes,cellular,1.0,0,unknown,2,0,45-55,37.5,no
72,retired,4020.5,no,no,cellular,5.0,184,success,11,1,65+,90.5,yes
37,retired,71.0,no,yes,cellular,1.0,0,unknown,5,0,35-45,45.5,no
55,technician,570.0,no,no,cellular,6.0,0,unknown,8,0,45-55,65.0,yes
41,blue-collar,201.0,yes,no,cellular,1.0,0,unknown,2,0,35-45,46.5,no
32,blue-collar,333.0,yes,no,cellular,2.0,0,unknown,5,0,25-35,11.0,no
35,technician,0.0,yes,no,cellular,1.0,96,success,11,1,25-35,83.5,yes
34,unemployed,309.0,no,no,cellular,1.0,0,unknown,2,0,25-35,55.0,yes
56,technician,2847.0,no,no,cellular,1.0,0,unknown,4,0,55-65,94.5,yes
23,technician,356.0,yes,no,cellular,2.0,356,failure,5,1,<25,46.0,no
37,technician,-59.0,yes,no,cellular,1.0,0,unknown,7,0,35-45,57.5,yes
40,blue-collar,-35.0,yes,no,cellular,3.0,0,unknown,5,0,35-45,54.0,yes
40,blue-collar,1451.0,no,no,cellular,1.0,0,unknown,6,0,35-45,84.5,yes
30,management,1942.0,yes,yes,cellular,2.0,178,other,11,1,25-35,34.5,no
46,management,273.0,yes,no,cellular,1.0,105,failure,9,1,45-55,52.5,yes
51,management,93.0,yes,yes,cellular,1.0,0,unknown,5,0,45-55,43.5,no
35,blue-collar,1084.0,yes,no,cellular,1.0,0,unknown,7,0,25-35,22.0,no
56,entrepreneur,-124.0,yes,no,unknown,5.0,0,unknown,5,0,55-65,26.5,no
41,blue-collar,219.0,no,yes,unknown,3.0,0,unknown,6,0,35-45,18.5,no
60,technician,367.0,no,no,cellular,2.0,0,unknown,8,0,55-65,35.5,no
36,technician,4020.5,yes,no,telephone,1.0,335,failure,5,1,35-45,40.5,no
33,entrepreneur,606.0,yes,no,cellular,1.0,0,unknown,2,0,25-35,45.0,no
35,blue-collar,149.0,yes,no,cellular,3.0,349,other,4,1,25-35,44.5,no
48,blue-collar,559.0,yes,no,unknown,2.0,0,unknown,5,0,45-55,57.0,yes
48,technician,4020.5,no,no,cellular,6.0,0,unknown,8,0,45-55,23.5,no
29,technician,0.0,no,no,unknown,2.0,0,unknown,5,0,25-35,11.0,no
37,blue-collar,811.0,yes,yes,cellular,3.0,0,unknown,4,0,35-45,22.0,no
36,technician,376.0,no,no,cellular,1.0,92,success,11,1,35-45,89.0,yes
40,technician,1871.0,yes,no,cellular,1.0,0,unknown,11,0,35-45,19.0,no
50,housemaid,388.0,no,no,cellular,2.0,99,failure,9,1,45-55,79.5,yes
48,unemployed,201.0,no,no,cellular,1.0,0,unknown,8,0,45-55,87.0,yes
33,management,0.0,no,no,cellular,6.0,0,unknown,8,0,25-35,1.0,no
57,retired,1044.0,no,no,telephone,1.0,192,success,1,1,55-65,90.5,yes
30,technician,655.0,no,no,cellular,2.0,0,unknown,10,0,25-35,55.0,yes
58,retired,499.0,yes,yes,cellular,1.0,0,unknown,1,0,55-65,48.0,no
38,admin.,1767.0,yes,no,cellular,4.0,239,success,7,1,35-45,78.5,yes
40,admin.,27.0,no,no,cellular,2.0,0,unknown,8,0,35-45,34.5,no
36,housemaid,4020.5,yes,no,cellular,6.0,0,unknown,8,0,35-45,30.0,no
47,housemaid,183.0,no,no,cellular,1.0,0,unknown,8,0,45-55,35.0,no
29,unemployed,7.0,no,no,cellular,1.0,179,failure,5,1,25-35,85.5,yes
28,technician,631.0,no,no,cellular,6.0,0,unknown,4,0,25-35,63.5,yes
57,self-employed,2109.0,no,no,cellular,6.0,0,unknown,8,0,55-65,28.5,no
38,blue-collar,0.0,no,no,unknown,5.0,0,unknown,6,0,35-45,19.5,no
49,technician,1091.0,no,no,telephone,2.0,0,unknown,7,0,45-55,28.0,no
35,technician,-180.0,no,yes,cellular,2.0,0,unknown,8,0,25-35,16.0,no
49,management,735.0,yes,no,unknown,3.0,0,unknown,5,0,45-55,33.0,no
31,management,792.0,no,no,cellular,6.0,0,unknown,8,0,25-35,70.0,yes
53,unknown,0.0,no,no,cellular,5.0,0,unknown,8,0,45-55,22.5,no
54,blue-collar,-636.0,yes,no,unknown,3.0,0,unknown,5,0,45-55,5.5,no
42,services,1165.0,yes,no,cellular,6.0,0,unknown,5,0,35-45,20.5,no
69,services,4020.5,no,no,cellular,3.0,0,unknown,7,0,65+,83.5,yes
48,services,-276.0,yes,yes,cellular,1.0,0,unknown,5,0,45-55,29.5,no
66,management,2149.0,yes,no,cellular,6.0,103,other,11,1,65+,56.0,yes
64,retired,679.0,no,no,telephone,1.0,0,unknown,11,0,55-65,70.0,yes
31,management,1343.0,yes,yes,unknown,1.0,0,unknown,5,0,25-35,23.0,no
38,admin.,262.0,no,no,cellular,2.0,180,failure,2,1,35-45,72.0,yes
58,blue-collar,3027.0,yes,no,cellular,1.0,0,unknown,4,0,55-65,56.58,yes
39,technician,2118.0,yes,no,cellular,2.0,0,unknown,4,0,35-45,72.0,yes
50,entrepreneur,78.0,no,no,telephone,1.0,0,unknown,6,0,45-55,57.5,yes
34,entrepreneur,714.0,yes,no,unknown,4.0,0,unknown,5,0,25-35,23.0,no
41,blue-collar,0.0,no,no,unknown,2.0,0,unknown,6,0,35-45,12.0,no
49,blue-collar,23.0,yes,no,unknown,1.0,0,unknown,5,0,45-55,9.0,no
43,blue-collar,0.0,no,no,cellular,1.0,0,unknown,7,0,35-45,36.5,no
32,management,312.0,no,no,cellular,2.0,98,success,5,1,25-35,95.0,yes
30,management,7.0,yes,no,cellular,1.0,164,other,8,1,25-35,56.0,yes
51,technician,0.0,yes,no,unknown,2.0,0,unknown,5,0,45-55,1.5,no
46,technician,111.0,yes,no,cellular,3.0,183,other,11,1,45-55,39.0,no
41,management,65.0,yes,no,unknown,2.0,0,unknown,5,0,35-45,22.5,no
34,technician,1026.0,no,no,cellular,1.0,100,failure,11,1,25-35,61.0,yes
30,management,726.0,yes,no,cellular,1.0,342,failure,4,1,25-35,71.0,yes
51,blue-collar,0.0,yes,no,telephone,4.0,0,unknown,5,0,45-55,23.0,no
37,entrepreneur,189.0,no,no,cellular,2.0,0,unknown,6,0,35-45,61.0,yes
49,management,20.0,yes,no,cellular,1.0,0,unknown,2,0,45-55,61.5,yes
41,management,4020.5,yes,no,cellular,1.0,0,unknown,11,0,35-45,5.0,no
38,technician,1130.0,no,no,cellular,2.0,98,success,6,1,35-45,91.5,yes
68,retired,2820.0,no,no,cellular,1.0,92,success,3,1,65+,97.5,yes
35,entrepreneur,4020.5,yes,no,cellular,3.0,0,unknown,5,0,25-35,49.0,no
38,technician,206.0,no,no,cellular,2.0,0,unknown,4,0,35-45,89.0,yes
36,management,93.0,no,no,cellular,2.0,182,failure,7,1,35-45,69.5,yes
29,self-employed,1.0,no,no,cellular,3.0,0,unknown,7,0,25-35,42.5,no
33,services,2297.0,no,no,cellular,1.0,0,unknown,7,0,25-35,90.5,yes
36,management,806.0,yes,no,cellular,2.0,259,failure,2,1,35-45,27.0,no
30,management,4020.5,no,no,cellular,1.0,84,success,8,1,25-35,92.5,yes
53,management,4020.5,no,no,unknown,3.0,0,unknown,6,0,45-55,20.5,no
48,blue-collar,363.0,yes,no,unknown,6.0,0,unknown,6,0,45-55,16.5,no
37,technician,0.0,no,no,unknown,1.0,0,unknown,6,0,35-45,24.0,no
40,technician,3652.0,yes,no,unknown,2.0,0,unknown,5,0,35-45,34.5,no
42,blue-collar,790.0,yes,no,unknown,2.0,0,unknown,5,0,35-45,15.0,no
54,unemployed,582.0,yes,no,cellular,5.0,372,failure,5,1,45-55,33.0,no
46,management,802.0,yes,no,telephone,1.0,0,unknown,7,0,45-55,42.0,no
24,self-employed,91.0,yes,no,cellular,2.0,0,unknown,5,0,<25,77.0,yes
48,blue-collar,816.0,yes,no,cellular,6.0,0,unknown,7,0,45-55,24.0,no
30,management,2876.0,no,no,cellular,4.0,0,unknown,8,0,25-35,78.0,yes
31,services,2038.0,yes,no,unknown,1.0,0,unknown,5,0,25-35,4.0,no
46,technician,4020.5,yes,no,cellular,2.0,0,unknown,8,0,45-55,40.5,no
32,blue-collar,-1.0,yes,no,unknown,1.0,0,unknown,5,0,25-35,16.0,no
76,housemaid,1411.0,no,no,telephone,3.0,0,unknown,4,0,65+,64.0,yes
35,management,2707.0,no,no,cellular,1.0,0,unknown,2,0,25-35,87.5,yes
36,technician,4020.5,no,no,cellular,1.0,134,failure,4,1,35-45,77.5,yes
27,technician,489.0,yes,no,cellular,4.0,0,unknown,7,0,25-35,57.0,yes
48,blue-collar,237.0,yes,no,unknown,6.0,0,unknown,6,0,45-55,15.5,no
59,management,4020.5,no,no,cellular,2.0,0,unknown,11,0,55-65,38.0,no
26,student,100.0,no,no,cellular,1.0,0,unknown,5,0,25-35,81.5,yes
28,student,61.0,yes,no,cellular,6.0,0,unknown,7,0,25-35,53.5,yes
38,management,399.0,yes,no,cellular,4.0,0,unknown,8,0,35-45,49.0,no
36,unemployed,154.0,no,no,cellular,6.0,0,unknown,8,0,35-45,38.0,no
32,management,282.0,no,no,cellular,2.0,0,unknown,8,0,25-35,45.5,no
39,entrepreneur,2139.0,yes,no,cellular,4.0,371,failure,5,1,35-45,39.5,no
33,technician,66.0,no,no,cellular,2.0,0,unknown,6,0,25-35,65.0,yes
36,management,4.0,no,yes,cellular,6.0,0,unknown,7,0,35-45,20.5,no
49,blue-collar,298.0,yes,no,cellular,2.0,86,failure,4,1,45-55,67.5,yes
34,blue-collar,261.0,yes,no,cellular,5.0,251,failure,2,1,25-35,17.0,no
26,management,4020.5,yes,no,unknown,2.0,0,unknown,5,0,25-35,25.0,no
26,management,1646.0,no,no,cellular,4.0,206,success,4,1,25-35,85.5,yes
26,technician,-119.0,no,yes,cellular,5.0,0,unknown,7,0,25-35,42.5,no
46,self-employed,526.0,no,no,cellular,1.0,87,other,4,1,45-55,70.5,yes
47,admin.,3676.0,no,no,cellular,2.0,342,other,7,1,45-55,91.5,yes
32,technician,-300.0,no,no,cellular,6.0,0,unknown,8,0,25-35,43.67,no
49,blue-collar,298.0,yes,no,cellular,3.0,0,unknown,2,0,45-55,66.0,yes
25,student,722.0,no,no,telephone,2.0,0,unknown,4,0,<25,32.5,no
46,services,5.0,yes,yes,cellular,2.0,0,unknown,1,0,45-55,35.0,no
29,blue-collar,79.0,yes,no,unknown,2.0,0,unknown,5,0,25-35,36.5,no
31,blue-collar,2591.0,yes,no,cellular,1.0,0,unknown,11,0,25-35,19.5,no
23,blue-collar,105.0,yes,no,unknown,2.0,0,unknown,5,0,<25,26.5,no
31,admin.,-422.0,yes,no,cellular,2.0,329,other,5,1,25-35,43.5,no
40,technician,-496.0,no,no,telephone,2.0,0,unknown,7,0,35-45,20.5,no
48,housemaid,513.0,no,yes,cellular,3.0,0,unknown,7,0,45-55,23.0,no
39,admin.,223.0,no,no,cellular,1.0,0,unknown,2,0,35-45,76.5,yes
29,management,637.0,yes,no,cellular,1.0,119,failure,6,1,25-35,82.0,yes
53,management,241.0,yes,no,cellular,1.0,0,unknown,11,0,45-55,38.5,no
38,blue-collar,172.0,yes,no,cellular,1.0,0,unknown,4,0,35-45,17.0,no
43,blue-collar,413.0,yes,no,cellular,2.0,182,success,8,1,35-45,92.0,yes
50,entrepreneur,199.0,no,no,cellular,2.0,363,failure,5,1,45-55,31.0,no
32,admin.,291.0,no,no,telephone,6.0,275,other,1,1,25-35,38.0,no
40,blue-collar,-90.0,yes,no,unknown,1.0,0,unknown,5,0,35-45,0.0,no
29,management,1445.0,no,no,cellular,2.0,143,success,4,1,25-35,93.0,yes
42,blue-collar,-68.0,yes,yes,unknown,1.0,0,unknown,5,0,35-45,0.5,no
47,services,-150.0,no,no,cellular,4.0,0,unknown,8,0,45-55,21.5,no
26,services,209.0,yes,no,cellular,2.0,0,unknown,7,0,25-35,67.0,yes
37,services,981.0,no,no,cellular,2.0,386,success,7,1,35-45,88.5,yes
23,student,565.0,no,no,cellular,6.0,0,unknown,5,0,<25,59.5,yes
60,management,474.0,no,no,cellular,5.0,186,other,8,1,55-65,82.0,yes
25,student,505.0,yes,no,cellular,1.0,0,unknown,5,0,<25,63.0,yes
41,technician,515.0,no,no,cellular,2.0,0,unknown,8,0,35-45,39.5,no
56,blue-collar,316.0,yes,no,unknown,1.0,0,unknown,5,0,55-65,59.5,yes
28,technician,2335.0,no,no,cellular,1.0,0,unknown,5,0,25-35,91.5,yes
52,blue-collar,1409.0,yes,no,unknown,1.0,0,unknown,6,0,45-55,27.0,no
59,technician,1.0,no,no,cellular,2.0,378,failure,4,1,55-65,66.5,yes
30,admin.,370.0,yes,no,unknown,1.0,0,unknown,5,0,25-35,11.5,no
31,blue-collar,55.0,yes,yes,cellular,2.0,0,unknown,4,0,25-35,44.0,no
21,student,423.0,no,no,cellular,5.0,0,unknown,4,0,<25,87.0,yes
34,services,22.0,yes,no,unknown,1.0,0,unknown,5,0,25-35,17.5,no
25,blue-collar,389.0,no,no,cellular,1.0,0,unknown,6,0,<25,91.5,yes
34,management,3050.0,yes,no,cellular,1.0,0,unknown,5,0,25-35,69.0,yes
38,management,0.0,no,no,cellular,6.0,197,failure,9,1,35-45,54.0,yes
37,management,4020.5,no,no,cellular,1.0,0,unknown,3,0,35-45,93.5,yes
26,services,54.0,yes,no,unknown,1.0,0,unknown,5,0,25-35,31.5,no
49,services,463.0,yes,no,telephone,2.0,0,unknown,7,0,45-55,15.0,no
35,technician,1001.0,no,yes,cellular,2.0,0,unknown,7,0,25-35,37.0,no
30,technician,450.0,no,yes,cellular,4.0,0,unknown,7,0,25-35,27.5,no
61,technician,1191.0,no,no,cellular,4.0,0,unknown,5,0,55-65,82.0,yes
29,blue-collar,59.0,yes,yes,cellular,4.0,0,unknown,7,0,25-35,75.5,yes
31,blue-collar,573.0,yes,no,telephone,1.0,269,failure,2,1,25-35,16.5,no
57,unemployed,890.0,no,no,cellular,4.0,0,unknown,2,0,55-65,49.0,no
47,unemployed,0.0,no,yes,cellular,2.0,233,other,1,1,45-55,26.0,no
42,management,0.0,no,no,cellular,2.0,0,unknown,8,0,35-45,3.5,no
50,blue-collar,3558.0,no,no,cellular,6.0,0,unknown,8,0,45-55,13.5,no
43,technician,34.0,no,no,telephone,1.0,0,unknown,7,0,35-45,25.5,no
32,management,124.0,no,no,cellular,2.0,0,unknown,2,0,25-35,62.5,yes
56,self-employed,411.0,no,no,unknown,4.0,0,unknown,6,0,55-65,17.0,no
56,technician,1561.0,no,no,cellular,1.0,0,unknown,8,0,55-65,79.0,yes
21,student,123.0,no,no,telephone,1.0,0,unknown,8,0,<25,41.0,no
32,services,785.0,no,no,cellular,1.0,0,unknown,6,0,25-35,61.0,yes
57,housemaid,0.0,no,no,unknown,1.0,0,unknown,6,0,55-65,31.0,no
52,entrepreneur,7.0,no,no,cellular,5.0,0,unknown,7,0,45-55,37.0,no
46,self-employed,0.0,no,no,unknown,1.0,0,unknown,8,0,45-55,14.0,no
29,management,428.0,no,no,cellular,2.0,0,unknown,5,0,25-35,90.5,yes
34,entrepreneur,4020.5,yes,no,cellular,1.0,0,unknown,5,0,25-35,42.5,no
32,technician,4020.5,yes,yes,cellular,1.0,128,failure,11,1,25-35,25.5,no
37,management,0.0,no,no,unknown,6.0,0,unknown,6,0,35-45,17.5,no
37,management,255.0,no,no,cellular,2.0,183,success,2,1,35-45,92.5,yes
48,admin.,83.0,yes,no,cellular,1.0,0,unknown,5,0,45-55,44.5,no
25,blue-collar,2007.0,no,no,cellular,2.0,0,unknown,1,0,<25,70.0,yes
50,unemployed,588.0,no,no,cellular,3.0,0,unknown,7,0,45-55,41.0,no
58,management,2183.0,yes,no,cellular,1.0,0,unknown,7,0,55-65,29.5,no
40,admin.,100.0,yes,no,cellular,1.0,461,success,8,1,35-45,90.5,yes
34,self-employed,1972.0,yes,no,cellular,2.0,0,unknown,7,0,25-35,23.5,no
51,management,0.0,yes,yes,unknown,5.0,0,unknown,5,0,45-55,17.0,no
35,technician,84.0,yes,yes,cellular,1.0,0,unknown,5,0,25-35,67.0,yes
33,blue-collar,379.0,yes,yes,cellular,2.0,0,unknown,6,0,25-35,48.0,no
48,unemployed,201.0,no,no,cellular,2.0,92,success,2,1,45-55,98.5,yes
71,retired,2850.0,no,no,cellular,1.0,0,unknown,2,0,65+,84.0,yes
49,technician,1807.0,yes,no,cellular,1.0,82,success,6,1,45-55,91.0,yes
39,blue-collar,3.0,no,yes,unknown,1.0,0,unknown,7,0,35-45,9.0,no
26,blue-collar,2007.0,no,no,cellular,1.0,92,success,10,1,25-35,88.5,yes
40,management,257.0,no,no,cellular,1.0,209,failure,2,1,35-45,61.5,yes
28,blue-collar,-46.0,yes,no,cellular,1.0,89,failure,3,1,25-35,56.5,yes
36,blue-collar,222.0,yes,no,unknown,1.0,0,unknown,5,0,35-45,17.5,no
60,blue-collar,414.0,no,no,cellular,1.0,0,unknown,2,0,55-65,59.0,yes
22,self-employed,2138.0,no,yes,cellular,1.0,109,other,8,1,<25,73.5,yes
31,admin.,217.0,yes,no,cellular,2.0,0,unknown,1,0,25-35,43.5,no
46,blue-collar,336.0,yes,no,cellular,3.0,457,other,8,1,45-55,69.5,yes
36,management,495.0,no,no,cellular,1.0,37,success,9,1,35-45,83.0,yes
33,blue-collar,370.0,yes,no,cellular,1.0,0,unknown,4,0,25-35,30.5,no
38,management,165.0,yes,no,cellular,1.0,260,other,4,1,35-45,43.0,no
35,self-employed,71.0,no,no,cellular,1.0,0,unknown,6,0,25-35,68.0,yes
35,admin.,507.0,yes,no,cellular,2.0,0,unknown,7,0,25-35,33.5,no
53,retired,0.0,no,yes,unknown,1.0,0,unknown,6,0,45-55,36.0,no
39,unemployed,1654.0,no,no,unknown,6.0,0,unknown,6,0,35-45,52.5,yes
43,blue-collar,0.0,yes,no,unknown,1.0,0,unknown,5,0,35-45,1.5,no
41,blue-collar,203.0,no,no,cellular,2.0,0,unknown,7,0,35-45,56.5,yes
49,management,4020.5,no,no,cellular,2.0,0,unknown,11,0,45-55,50.0,no
39,technician,902.0,yes,no,cellular,2.0,180,failure,2,1,35-45,52.5,yes
40,entrepreneur,0.0,no,no,unknown,4.0,0,unknown,6,0,35-45,19.5,no
42,blue-collar,1598.0,yes,yes,cellular,2.0,0,unknown,4,0,35-45,22.0,no
36,management,4020.5,yes,no,unknown,1.0,0,unknown,5,0,35-45,19.0,no
41,admin.,882.0,yes,yes,unknown,2.0,0,unknown,5,0,35-45,9.5,no
37,blue-collar,1796.0,yes,yes,cellular,2.0,0,unknown,4,0,35-45,27.0,no
30,self-employed,2666.0,no,no,cellular,2.0,93,success,8,1,25-35,95.5,yes
27,services,1347.0,no,no,telephone,1.0,193,success,12,1,25-35,88.5,yes
59,admin.,2343.0,yes,no,unknown,1.0,0,unknown,5,0,55-65,19.5,no
28,blue-collar,38.0,yes,no,unknown,1.0,0,unknown,5,0,25-35,8.0,no
52,blue-collar,230.0,yes,no,cellular,2.0,170,failure,5,1,45-55,43.0,no
34,blue-collar,3986.0,yes,no,cellular,2.0,0,unknown,4,0,25-35,39.5,no
29,services,191.0,yes,no,cellular,1.0,0,unknown,4,0,25-35,37.5,no
27,technician,4020.5,yes,no,unknown,6.0,0,unknown,5,0,25-35,30.5,no
44,housemaid,299.0,no,no,cellular,1.0,0,unknown,11,0,35-45,48.0,no
25,management,1272.0,yes,no,cellular,2.0,0,unknown,7,0,<25,68.0,yes
30,admin.,523.0,no,yes,cellular,1.0,0,unknown,3,0,25-35,51.5,yes
55,retired,816.0,no,no,cellular,3.0,0,unknown,11,0,45-55,50.5,yes
46,blue-collar,1568.0,yes,no,cellular,1.0,55,other,6,1,45-55,74.0,yes
39,unemployed,265.0,yes,no,unknown,1.0,555,other,5,1,35-45,57.0,yes
70,retired,275.0,no,no,cellular,1.0,0,unknown,4,0,65+,96.0,yes
59,services,1.0,yes,no,cellular,1.0,253,other,1,1,55-65,40.0,no
33,management,808.0,yes,no,cellular,6.0,0,unknown,8,0,25-35,18.0,no
29,housemaid,417.0,no,no,cellular,2.0,0,unknown,7,0,25-35,45.0,no
40,admin.,985.0,yes,no,cellular,3.0,50,failure,6,1,35-45,47.0,no
29,student,2929.0,no,no,cellular,1.0,0,unknown,8,0,25-35,88.5,yes
31,management,459.0,no,no,cellular,6.0,0,unknown,8,0,25-35,41.0,no
31,management,859.0,yes,yes,cellular,3.0,0,unknown,8,0,25-35,34.5,no
28,technician,0.0,yes,no,cellular,1.0,40,failure,5,1,25-35,64.5,yes
42,technician,1364.0,yes,no,unknown,6.0,0,unknown,5,0,35-45,35.5,no
43,technician,4020.5,yes,no,cellular,2.0,0,unknown,8,0,35-45,21.5,no
57,retired,168.0,no,no,cellular,1.0,0,unknown,8,0,55-65,31.5,no
62,management,997.0,no,no,cellular,1.0,304,success,4,1,55-65,95.0,yes
34,blue-collar,3527.0,yes,no,cellular,1.0,0,unknown,11,0,25-35,22.5,no
46,management,-130.0,yes,no,cellular,2.0,0,unknown,3,0,45-55,50.0,no
35,admin.,777.0,no,yes,cellular,1.0,0,unknown,5,0,25-35,53.5,yes
55,blue-collar,410.0,no,yes,cellular,2.0,0,unknown,7,0,45-55,23.5,no
30,unemployed,463.0,no,no,cellular,4.0,0,unknown,8,0,25-35,21.5,no
40,management,4020.5,no,no,cellular,3.0,439,failure,7,1,35-45,85.0,yes
33,management,2364.0,no,no,cellular,1.0,0,unknown,5,0,25-35,79.0,yes
48,entrepreneur,183.0,yes,no,unknown,6.0,0,unknown,6,0,45-55,19.0,no
32,admin.,35.0,no,no,cellular,3.0,126,success,12,1,25-35,86.0,yes
35,unemployed,1054.0,yes,yes,cellular,1.0,0,unknown,11,0,25-35,25.5,no
28,blue-collar,61.0,yes,no,cellular,1.0,174,success,2,1,25-35,79.0,yes
24,management,86.0,no,no,unknown,2.0,0,unknown,6,0,<25,41.5,no
24,management,1.0,no,no,cellular,5.0,0,unknown,5,0,<25,73.0,yes
53,housemaid,292.0,no,no,unknown,2.0,0,unknown,6,0,45-55,5.5,no
54,retired,522.0,no,yes,cellular,3.0,0,unknown,7,0,45-55,46.0,no
50,admin.,4020.5,no,no,cellular,1.0,0,unknown,11,0,45-55,42.0,no
32,management,718.0,yes,no,cellular,1.0,197,success,12,1,25-35,80.5,yes
33,management,4020.5,no,no,cellular,1.0,0,unknown,11,0,25-35,57.0,yes
46,self-employed,2032.0,no,no,cellular,2.0,0,unknown,7,0,45-55,56.0,yes
44,technician,1901.0,no,no,cellular,2.0,0,unknown,8,0,35-45,25.0,no
37,management,393.0,yes,no,cellular,2.0,104,success,8,1,35-45,91.5,yes
27,technician,2.0,yes,yes,cellular,2.0,356,failure,5,1,25-35,38.5,no
35,admin.,318.0,yes,yes,cellular,1.0,0,unknown,10,0,25-35,44.0,no
32,management,41.0,no,no,cellular,5.0,0,unknown,8,0,25-35,13.5,no
47,technician,2283.0,yes,no,cellular,2.0,0,unknown,11,0,45-55,61.0,yes
52,blue-collar,331.0,no,no,cellular,4.0,0,unknown,8,0,45-55,53.0,yes
43,technician,0.0,yes,no,cellular,2.0,342,failure,5,1,35-45,19.0,no
27,admin.,1293.0,yes,no,cellular,3.0,0,unknown,4,0,25-35,58.0,yes
48,blue-collar,343.0,no,no,unknown,1.0,0,unknown,6,0,45-55,32.5,no
66,retired,2883.0,no,no,cellular,1.0,0,unknown,4,0,65+,77.5,yes
35,management,53.0,yes,no,cellular,1.0,0,unknown,11,0,25-35,20.0,no
45,blue-collar,-184.0,yes,no,cellular,3.0,170,failure,5,1,35-45,45.5,no
51,services,3413.0,no,no,cellular,6.0,0,unknown,8,0,45-55,25.0,no
25,management,219.0,no,no,cellular,1.0,96,success,8,1,<25,96.0,yes
76,self-employed,4020.5,no,no,telephone,1.0,182,success,4,1,65+,98.0,yes
30,technician,2166.0,no,no,cellular,2.0,0,unknown,1,0,25-35,56.5,yes
62,retired,1515.0,yes,no,cellular,1.0,187,failure,10,1,55-65,57.5,yes
31,management,216.0,no,no,cellular,1.0,0,unknown,7,0,25-35,57.0,yes
57,management,4020.5,yes,no,cellular,2.0,0,unknown,8,0,55-65,33.5,no
49,entrepreneur,4020.5,no,no,cellular,2.0,0,unknown,4,0,45-55,58.0,yes
48,admin.,476.0,no,no,unknown,3.0,0,unknown,6,0,45-55,36.5,no
54,services,171.0,no,yes,cellular,6.0,0,unknown,7,0,45-55,37.0,no
43,blue-collar,18.0,yes,no,cellular,2.0,370,other,5,1,35-45,13.5,no
30,technician,317.0,yes,no,cellular,5.0,0,unknown,7,0,25-35,21.5,no
25,student,1608.0,no,no,cellular,2.0,0,unknown,4,0,<25,87.5,yes
18,student,108.0,no,no,cellular,1.0,183,success,2,1,<25,94.0,yes
29,self-employed,162.0,no,yes,cellular,1.0,0,unknown,7,0,25-35,34.5,no
52,housemaid,4020.5,no,no,cellular,1.0,0,unknown,9,0,45-55,67.5,yes
34,admin.,2378.0,yes,yes,telephone,1.0,0,unknown,7,0,25-35,45.0,no
32,technician,660.0,no,no,cellular,2.0,490,failure,10,1,25-35,85.5,yes
39,admin.,1388.0,yes,no,cellular,5.0,0,unknown,7,0,35-45,44.0,no
40,unemployed,72.0,no,no,cellular,1.0,0,unknown,4,0,35-45,60.0,yes
34,management,0.0,no,no,cellular,2.0,0,unknown,8,0,25-35,25.5,no
45,admin.,4020.5,no,no,cellular,1.0,0,unknown,1,0,35-45,58.0,yes
45,admin.,153.0,no,no,cellular,1.0,0,unknown,8,0,35-45,66.0,yes
33,entrepreneur,300.0,yes,yes,cellular,5.0,0,unknown,1,0,25-35,36.5,no
71,retired,0.0,no,no,cellular,1.0,171,success,2,1,65+,96.5,yes
39,management,710.0,yes,no,cellular,2.0,0,unknown,7,0,35-45,30.5,no
38,technician,565.0,yes,no,cellular,1.0,0,unknown,4,0,35-45,64.5,yes
29,management,1566.0,yes,no,unknown,1.0,0,unknown,6,0,25-35,12.0,no
44,management,2383.0,no,no,cellular,2.0,0,unknown,7,0,35-45,33.5,no
57,admin.,215.0,yes,yes,cellular,2.0,0,unknown,7,0,55-65,15.5,no
45,management,4020.5,no,no,cellular,6.0,0,unknown,8,0,35-45,82.0,yes
46,admin.,-522.0,yes,no,cellular,3.0,239,other,3,1,45-55,39.5,no
57,admin.,169.0,no,no,cellular,1.0,0,unknown,2,0,55-65,65.7,yes
57,technician,0.0,no,no,unknown,6.0,0,unknown,6,0,55-65,27.5,no
47,technician,1101.0,yes,no,cellular,3.0,0,unknown,7,0,45-55,37.5,no
32,blue-collar,435.0,yes,no,unknown,2.0,0,unknown,5,0,25-35,13.0,no
60,services,4020.5,yes,no,cellular,1.0,92,success,11,1,55-65,92.0,yes
38,student,64.0,no,no,cellular,1.0,0,unknown,8,0,35-45,53.0,yes
39,services,0.0,yes,no,cellular,1.0,0,unknown,5,0,35-45,9.5,no
38,services,0.0,yes,no,cellular,1.0,147,failure,4,1,35-45,30.5,no
40,housemaid,4020.5,no,no,cellular,6.0,0,unknown,7,0,35-45,37.5,no
32,management,1134.0,no,no,cellular,4.0,0,unknown,8,0,25-35,43.5,no
32,admin.,-32.0,no,no,cellular,1.0,185,other,1,1,25-35,61.0,yes
29,management,2955.0,no,no,cellular,2.0,0,unknown,4,0,25-35,97.5,yes
26,technician,855.0,yes,no,unknown,2.0,0,unknown,5,0,25-35,30.0,no
26,student,294.0,no,no,cellular,1.0,91,success,3,1,25-35,94.0,yes
28,blue-collar,1020.0,yes,no,unknown,1.0,0,unknown,5,0,25-35,30.5,no
31,admin.,97.0,yes,no,unknown,1.0,0,unknown,5,0,25-35,10.0,no
51,retired,1679.0,no,no,cellular,1.0,365,other,8,1,45-55,85.0,yes
36,management,0.0,yes,no,cellular,3.0,0,unknown,5,0,35-45,64.0,yes
35,technician,1629.0,no,no,cellular,4.0,0,unknown,7,0,25-35,54.5,yes
40,blue-collar,973.0,no,no,cellular,1.0,0,unknown,5,0,35-45,73.0,yes
51,management,1277.0,no,no,cellular,5.0,294,failure,2,1,45-55,60.5,yes
44,management,282.0,no,no,cellular,2.0,154,success,3,1,35-45,96.5,yes
57,retired,3738.0,yes,no,cellular,1.0,367,success,4,1,55-65,82.0,yes
61,management,985.0,no,no,cellular,6.0,0,unknown,8,0,55-65,66.0,yes
43,management,1258.0,no,no,unknown,1.0,0,unknown,10,0,35-45,82.5,yes
56,unemployed,1110.0,no,no,cellular,2.0,0,unknown,2,0,55-65,50.5,yes
36,management,-633.0,yes,no,cellular,1.0,0,unknown,7,0,35-45,16.5,no
38,management,-239.0,yes,no,unknown,2.0,0,unknown,6,0,35-45,37.5,no
30,blue-collar,228.0,no,no,cellular,1.0,365,failure,2,1,25-35,45.5,no
43,services,2557.0,yes,no,telephone,3.0,183,success,10,1,35-45,92.0,yes
44,management,4020.5,yes,yes,unknown,1.0,0,unknown,5,0,35-45,17.0,no
63,housemaid,2.0,no,no,cellular,2.0,93,success,2,1,55-65,92.5,yes
36,blue-collar,79.0,no,no,unknown,3.0,0,unknown,6,0,35-45,23.5,no
53,technician,1982.0,yes,yes,cellular,1.0,0,unknown,11,0,45-55,30.5,no
41,technician,-378.0,yes,no,cellular,1.0,253,failure,2,1,35-45,35.0,no
24,student,125.0,no,no,cellular,1.0,90,failure,11,1,<25,76.5,yes
46,blue-collar,781.0,no,no,unknown,1.0,0,unknown,5,0,45-55,14.5,no
44,management,105.0,yes,no,unknown,2.0,0,unknown,5,0,35-45,36.0,no
73,retired,508.0,no,no,cellular,1.0,0,unknown,3,0,65+,91.5,yes
36,services,394.0,no,no,cellular,1.0,0,unknown,8,0,35-45,72.0,yes
41,blue-collar,338.0,yes,no,unknown,1.0,0,unknown,5,0,35-45,5.0,no
38,services,3165.0,yes,no,unknown,2.0,0,unknown,5,0,35-45,15.5,no
51,blue-collar,0.0,no,no,unknown,6.0,0,unknown,6,0,45-55,21.5,no
43,admin.,71.0,no,no,unknown,5.0,0,unknown,5,0,35-45,38.0,no
49,blue-collar,399.0,no,no,cellular,1.0,0,unknown,1,0,45-55,63.5,yes
37,management,5.0,no,no,cellular,2.0,0,unknown,8,0,35-45,26.5,no
38,services,1313.0,no,no,unknown,2.0,0,unknown,6,0,35-45,32.0,no
35,blue-collar,40.0,yes,no,unknown,4.0,0,unknown,5,0,25-35,7.5,no
50,management,2050.0,no,no,cellular,3.0,0,unknown,8,0,45-55,45.0,no
62,blue-collar,272.0,no,no,cellular,1.0,286,failure,8,1,55-65,76.0,yes
27,blue-collar,197.0,no,no,telephone,1.0,0,unknown,7,0,25-35,49.0,no
49,blue-collar,128.0,no,no,cellular,2.0,0,unknown,8,0,45-55,20.0,no
35,services,4020.5,no,no,cellular,6.0,0,unknown,8,0,25-35,40.0,no
44,management,294.0,no,no,cellular,3.0,0,unknown,4,0,35-45,80.0,yes
24,admin.,-61.0,no,no,cellular,4.0,0,unknown,3,0,<25,67.25,yes
34,management,76.0,yes,no,cellular,2.0,371,failure,5,1,25-35,35.0,no
52,management,40.0,no,no,cellular,3.0,0,unknown,11,0,45-55,34.0,no
58,management,4020.5,yes,no,cellular,2.0,164,other,4,1,55-65,55.0,yes
35,technician,1693.0,yes,no,cellular,1.0,0,unknown,2,0,25-35,66.5,yes
30,admin.,285.0,no,no,cellular,2.0,0,unknown,2,0,25-35,74.5,yes
35,admin.,3636.0,no,yes,cellular,2.0,0,unknown,11,0,25-35,44.5,no
48,management,263.0,yes,no,unknown,2.0,0,unknown,5,0,45-55,16.0,no
30,self-employed,2666.0,no,no,cellular,1.0,0,unknown,2,0,25-35,68.5,yes
40,technician,693.0,no,no,cellular,1.0,0,unknown,1,0,35-45,62.5,yes
36,technician,35.0,no,no,cellular,2.0,0,unknown,8,0,35-45,56.0,yes
41,technician,1646.0,yes,no,cellular,1.0,184,success,2,1,35-45,96.0,yes
57,unemployed,3754.0,no,no,cellular,2.0,0,unknown,2,0,55-65,43.5,no
37,technician,157.0,yes,no,unknown,2.0,0,unknown,5,0,35-45,11.0,no
36,self-employed,353.0,no,no,cellular,2.0,181,success,8,1,35-45,89.0,yes
22,management,104.0,no,yes,cellular,1.0,185,success,10,1,<25,77.0,yes
47,blue-collar,2.0,yes,yes,cellular,4.0,190,failure,11,1,45-55,30.0,no
41,technician,188.0,no,yes,telephone,6.0,0,unknown,7,0,35-45,11.5,no
46,blue-collar,4020.5,yes,no,unknown,1.0,0,unknown,5,0,45-55,22.5,no
31,blue-collar,4020.5,no,no,cellular,1.0,128,other,10,1,25-35,45.0,no
39,technician,2983.0,no,no,cellular,1.0,0,unknown,12,0,35-45,71.0,yes
34,blue-collar,1454.0,yes,no,cellular,2.0,297,failure,2,1,25-35,22.5,no
37,admin.,245.0,yes,yes,unknown,2.0,0,unknown,5,0,35-45,25.0,no
69,retired,0.0,no,no,cellular,1.0,90,success,7,1,65+,97.0,yes
30,entrepreneur,732.0,no,no,cellular,4.0,0,unknown,2,0,25-35,50.5,yes
35,entrepreneur,1859.0,yes,no,cellular,2.0,0,unknown,7,0,25-35,42.5,no
46,blue-collar,993.0,yes,no,unknown,1.0,0,unknown,6,0,45-55,39.0,no
31,technician,165.0,no,no,cellular,4.0,0,unknown,5,0,25-35,69.0,yes
31,management,156.0,no,no,cellular,6.0,0,unknown,8,0,25-35,16.0,no
35,services,0.0,yes,no,cellular,3.0,0,unknown,7,0,25-35,27.0,no
76,retired,4020.5,no,no,cellular,1.0,0,unknown,1,0,65+,34.0,no
39,management,1423.0,yes,no,telephone,3.0,0,unknown,7,0,35-45,23.5,no
31,management,-201.0,yes,no,cellular,4.0,0,unknown,8,0,25-35,19.5,no
31,blue-collar,0.0,yes,no,unknown,1.0,0,unknown,5,0,25-35,27.5,no
36,admin.,592.0,no,no,cellular,2.0,99,failure,10,1,35-45,64.0,yes
41,entrepreneur,-413.0,yes,no,unknown,2.0,0,unknown,5,0,35-45,21.5,no
25,blue-collar,101.0,no,yes,cellular,3.0,0,unknown,7,0,<25,44.0,no
48,management,148.0,no,no,cellular,2.0,0,unknown,8,0,45-55,14.0,no
55,housemaid,976.0,no,no,cellular,1.0,94,other,6,1,45-55,78.5,yes
39,services,25.0,yes,yes,cellular,1.0,351,failure,5,1,35-45,13.5,no
39,blue-collar,1181.0,yes,no,cellular,2.0,0,unknown,7,0,35-45,51.0,yes
31,blue-collar,2137.0,no,no,unknown,1.0,0,unknown,5,0,25-35,14.5,no
37,management,4020.5,no,no,telephone,1.0,0,unknown,1,0,35-45,72.0,yes
50,management,1200.0,no,no,cellular,3.0,0,unknown,8,0,45-55,59.5,yes
44,blue-collar,88.0,yes,no,cellular,1.0,0,unknown,7,0,35-45,46.08,no
30,technician,86.0,no,no,unknown,1.0,0,unknown,8,0,25-35,18.5,no
55,admin.,1102.0,yes,no,unknown,2.0,0,unknown,5,0,45-55,9.0,no
55,management,179.0,no,no,unknown,1.0,0,unknown,6,0,45-55,46.0,no
31,technician,450.0,no,yes,cellular,2.0,129,failure,11,1,25-35,54.5,yes
36,services,38.0,no,no,unknown,4.0,0,unknown,6,0,35-45,19.0,no
52,admin.,0.0,no,no,cellular,4.0,0,unknown,8,0,45-55,20.5,no
30,services,1788.0,no,no,cellular,1.0,181,failure,8,1,25-35,89.0,yes
50,management,19.0,no,yes,cellular,1.0,0,unknown,7,0,45-55,30.0,no
37,management,1113.0,no,no,cellular,1.0,182,success,3,1,35-45,96.0,yes
77,retired,2223.0,no,no,telephone,2.0,187,success,8,1,65+,98.0,yes
32,management,2018.0,no,no,cellular,1.0,0,unknown,8,0,25-35,40.0,no
33,management,20.0,no,no,cellular,2.0,0,unknown,8,0,25-35,55.0,yes
35,technician,4020.5,yes,no,cellular,3.0,0,unknown,5,0,25-35,82.0,yes
41,blue-collar,3.0,yes,no,cellular,4.0,0,unknown,7,0,35-45,47.5,no
49,services,947.0,no,no,unknown,2.0,0,unknown,6,0,45-55,4.0,no
37,admin.,0.0,yes,no,cellular,1.0,190,success,12,1,35-45,88.5,yes
44,technician,14.0,no,no,cellular,1.0,92,success,11,1,35-45,91.0,yes
56,management,3287.0,no,no,cellular,1.0,0,unknown,4,0,55-65,90.33,yes
48,unemployed,817.0,no,no,cellular,3.0,183,success,7,1,45-55,96.0,yes
39,technician,1587.0,yes,no,cellular,3.0,0,unknown,6,0,35-45,52.5,yes
37,blue-collar,133.0,yes,no,cellular,2.0,0,unknown,5,0,35-45,13.83,no
31,management,141.0,yes,no,cellular,2.0,238,other,2,1,25-35,41.5,no
28,management,1414.0,yes,no,cellular,1.0,521,failure,7,1,25-35,85.5,yes
34,technician,103.0,yes,yes,cellular,1.0,0,unknown,7,0,25-35,38.0,no
75,retired,3810.0,yes,no,cellular,1.0,183,failure,11,1,65+,58.0,yes
40,admin.,1060.0,yes,no,cellular,3.0,0,unknown,4,0,35-45,47.5,no
38,blue-collar,0.0,no,no,cellular,1.0,75,failure,10,1,35-45,42.5,no
39,management,76.0,no,no,cellular,1.0,183,success,9,1,35-45,93.0,yes
34,admin.,67.0,yes,no,unknown,1.0,0,unknown,5,0,25-35,1.5,no
49,entrepreneur,4020.5,yes,no,cellular,1.0,0,unknown,11,0,45-55,31.0,no
32,admin.,184.0,yes,no,unknown,4.0,0,unknown,5,0,25-35,27.5,no
35,admin.,1345.0,yes,no,cellular,1.0,0,unknown,7,0,25-35,47.0,no
30,admin.,377.0,yes,no,unknown,6.0,0,unknown,6,0,25-35,16.5,no
47,entrepreneur,0.0,no,no,unknown,1.0,0,unknown,6,0,45-55,4.5,no
32,technician,1119.0,no,no,cellular,2.0,0,unknown,11,0,25-35,29.5,no
36,admin.,125.0,yes,no,unknown,1.0,0,unknown,5,0,35-45,22.5,no
54,entrepreneur,4020.5,yes,no,telephone,6.0,307,failure,4,1,45-55,40.0,no
26,management,775.0,no,no,unknown,3.0,0,unknown,5,0,25-35,38.5,no
68,retired,1146.0,no,no,cellular,2.0,110,success,3,1,65+,98.5,yes
39,services,410.0,no,no,unknown,4.0,0,unknown,6,0,35-45,6.5,no
51,management,0.0,yes,yes,cellular,1.0,84,other,8,1,45-55,42.5,no
33,management,0.0,yes,no,cellular,1.0,0,unknown,7,0,25-35,26.5,no
54,technician,3323.0,yes,yes,cellular,3.0,0,unknown,4,0,45-55,34.0,no
35,management,2486.0,yes,no,cellular,1.0,0,unknown,5,0,25-35,58.0,yes
70,retired,2064.0,no,no,cellular,1.0,0,unknown,10,0,65+,66.0,yes
40,management,964.0,yes,no,telephone,3.0,0,unknown,5,0,35-45,14.0,no
34,admin.,21.0,no,yes,cellular,1.0,92,failure,6,1,25-35,54.5,yes
49,management,322.0,no,no,cellular,4.0,0,unknown,8,0,45-55,28.5,no
55,housemaid,2152.0,no,no,unknown,2.0,0,unknown,6,0,45-55,2.5,no
39,management,2644.0,no,no,cellular,6.0,0,unknown,8,0,35-45,87.0,yes
53,admin.,0.0,yes,yes,cellular,1.0,98,failure,8,1,45-55,24.0,no
26,services,179.0,yes,yes,cellular,4.0,0,unknown,7,0,25-35,48.0,no
49,technician,596.0,yes,no,telephone,1.0,0,unknown,9,0,45-55,43.5,no
56,management,4020.5,yes,yes,cellular,1.0,196,failure,1,1,55-65,34.5,no
43,unemployed,210.0,yes,no,unknown,5.0,0,unknown,5,0,35-45,15.0,no
40,technician,568.0,yes,no,unknown,1.0,0,unknown,10,0,35-45,67.0,yes
45,management,1309.0,no,no,cellular,1.0,0,unknown,7,0,35-45,40.0,no
37,services,49.0,yes,no,unknown,2.0,0,unknown,5,0,35-45,12.0,no
58,retired,1425.0,no,no,cellular,1.0,0,unknown,4,0,55-65,92.0,yes
84,entrepreneur,0.0,no,no,telephone,2.0,0,unknown,9,0,65+,73.0,yes
33,technician,370.0,yes,no,cellular,4.0,0,unknown,8,0,25-35,17.0,no
49,technician,342.0,no,yes,cellular,3.0,0,unknown,11,0,45-55,35.5,no
50,management,4020.5,yes,no,cellular,1.0,0,unknown,5,0,45-55,51.5,yes
27,services,194.0,yes,no,unknown,1.0,0,unknown,5,0,25-35,16.5,no
41,unemployed,216.0,no,no,cellular,3.0,0,unknown,6,0,35-45,70.5,yes
41,blue-collar,580.0,yes,no,cellular,1.0,363,failure,5,1,35-45,9.5,no
32,blue-collar,3166.0,yes,no,cellular,3.0,0,unknown,11,0,25-35,38.5,no
28,management,171.0,no,no,cellular,1.0,0,unknown,3,0,25-35,83.5,yes
60,management,366.0,no,no,cellular,1.0,0,unknown,6,0,55-65,81.12,yes
47,blue-collar,820.0,no,no,cellular,1.0,0,unknown,10,0,45-55,77.0,yes
38,management,676.0,no,no,cellular,3.0,0,unknown,5,0,35-45,74.0,yes
55,blue-collar,660.0,no,no,unknown,1.0,0,unknown,6,0,45-55,18.5,no
30,management,697.0,no,no,cellular,3.0,102,success,8,1,25-35,92.5,yes
40,blue-collar,830.0,yes,no,cellular,3.0,370,failure,5,1,35-45,21.0,no
41,entrepreneur,187.0,no,yes,cellular,1.0,0,unknown,7,0,35-45,41.5,no
52,services,108.0,yes,no,unknown,6.0,0,unknown,5,0,45-55,2.5,no
41,blue-collar,140.0,yes,no,cellular,2.0,0,unknown,1,0,35-45,34.5,no
27,blue-collar,3145.0,no,no,cellular,1.0,179,success,6,1,25-35,96.5,yes
57,admin.,658.0,no,no,cellular,1.0,0,unknown,7,0,55-65,43.5,no
40,retired,1400.0,no,no,unknown,6.0,0,unknown,6,0,35-45,16.5,no
59,management,2769.0,yes,no,cellular,1.0,131,failure,11,1,55-65,34.5,no
39,admin.,32.0,no,yes,unknown,6.0,0,unknown,6,0,35-45,7.0,no
34,admin.,36.0,no,no,cellular,6.0,0,unknown,8,0,25-35,13.0,no
32,management,2213.0,no,no,cellular,2.0,154,failure,1,1,25-35,83.0,yes
43,management,4020.5,no,no,cellular,5.0,242,success,12,1,35-45,90.5,yes
34,blue-collar,496.0,yes,no,cellular,1.0,0,unknown,5,0,25-35,57.0,yes
38,technician,1805.0,no,no,unknown,2.0,0,unknown,6,0,35-45,4.0,no
49,blue-collar,-167.0,no,no,cellular,1.0,0,unknown,7,0,45-55,48.0,no
32,services,0.0,no,no,cellular,6.0,0,unknown,7,0,25-35,15.5,no
35,management,4020.5,yes,no,cellular,1.0,0,unknown,7,0,25-35,46.0,no
30,services,129.0,yes,no,unknown,6.0,0,unknown,5,0,25-35,5.0,no
53,management,3634.0,no,no,cellular,4.0,88,success,5,1,45-55,82.5,yes
37,management,1027.0,yes,no,cellular,1.0,119,failure,10,1,35-45,37.5,no
32,admin.,653.0,no,no,cellular,1.0,0,unknown,6,0,25-35,63.0,yes
22,student,466.0,no,no,cellular,1.0,0,unknown,6,0,<25,93.0,yes
28,services,168.0,yes,no,cellular,1.0,0,unknown,5,0,25-35,34.0,no
26,blue-collar,-887.0,yes,no,cellular,2.0,0,unknown,5,0,25-35,35.5,no
26,admin.,1099.0,no,no,cellular,2.0,225,other,1,1,25-35,69.0,yes
39,admin.,607.0,yes,no,cellular,2.0,364,failure,5,1,35-45,19.0,no
58,entrepreneur,853.0,no,no,unknown,2.0,0,unknown,6,0,55-65,12.0,no
56,technician,23.0,no,no,cellular,3.0,0,unknown,11,0,55-65,36.5,no
18,student,108.0,no,no,cellular,1.0,0,unknown,9,0,<25,87.5,yes
49,management,543.0,yes,no,unknown,3.0,0,unknown,5,0,45-55,33.0,no
69,retired,324.0,no,no,cellular,1.0,189,success,8,1,65+,96.0,yes
28,self-employed,805.0,no,no,cellular,5.0,170,failure,11,1,25-35,58.5,yes
30,blue-collar,0.0,yes,no,cellular,2.0,0,unknown,5,0,25-35,8.0,no
26,blue-collar,399.0,yes,no,cellular,2.0,0,unknown,7,0,25-35,86.0,yes
52,blue-collar,665.0,yes,no,unknown,4.0,0,unknown,5,0,45-55,14.0,no
32,services,315.0,no,no,cellular,1.0,0,unknown,8,0,25-35,70.0,yes
48,blue-collar,418.0,yes,no,unknown,3.0,0,unknown,5,0,45-55,36.0,no
38,admin.,46.0,no,no,cellular,2.0,0,unknown,8,0,35-45,33.0,no
28,blue-collar,3430.0,yes,no,unknown,6.0,0,unknown,6,0,25-35,13.0,no
38,technician,3234.0,no,no,cellular,2.0,0,unknown,11,0,35-45,56.0,yes
43,blue-collar,0.0,no,no,unknown,3.0,0,unknown,5,0,35-45,11.5,no
48,entrepreneur,104.0,yes,yes,cellular,1.0,0,unknown,11,0,45-55,36.5,no
35,blue-collar,2999.0,no,no,unknown,6.0,0,unknown,6,0,25-35,8.5,no
41,blue-collar,0.0,yes,no,cellular,2.0,0,unknown,4,0,35-45,55.5,yes
56,services,1989.0,no,no,cellular,4.0,181,success,8,1,55-65,89.0,yes
30,blue-collar,673.0,yes,no,unknown,2.0,0,unknown,5,0,25-35,52.5,yes
72,retired,438.0,no,no,cellular,1.0,0,unknown,2,0,65+,98.0,yes
37,services,608.0,no,no,cellular,3.0,0,unknown,5,0,35-45,63.0,yes
58,admin.,903.0,no,no,cellular,1.0,0,unknown,1,0,55-65,58.2,yes
28,management,1086.0,yes,no,unknown,2.0,0,unknown,5,0,25-35,46.0,no
78,retired,240.0,no,no,cellular,1.0,0,unknown,4,0,65+,98.0,yes
53,management,583.0,no,no,cellular,1.0,184,success,11,1,45-55,98.5,yes
31,management,4020.5,yes,no,cellular,1.0,0,unknown,7,0,25-35,42.5,no
39,technician,4020.5,no,no,cellular,4.0,0,unknown,11,0,35-45,79.0,yes
40,technician,311.0,no,no,cellular,2.0,0,unknown,8,0,35-45,47.0,no
40,management,106.0,no,no,unknown,2.0,0,unknown,6,0,35-45,28.0,no
36,services,52.0,yes,no,cellular,2.0,179,success,3,1,35-45,81.0,yes
32,management,2069.0,no,no,cellular,1.0,0,unknown,4,0,25-35,99.5,yes
64,retired,440.0,no,no,cellular,1.0,0,unknown,2,0,55-65,94.5,yes
41,management,9.0,yes,no,cellular,3.0,0,unknown,7,0,35-45,27.5,no
33,technician,2565.0,yes,no,cellular,2.0,0,unknown,5,0,25-35,69.5,yes
39,management,1914.0,no,no,cellular,4.0,0,unknown,8,0,35-45,77.0,yes
34,blue-collar,157.0,yes,no,cellular,2.0,0,unknown,7,0,25-35,38.5,no
47,services,2597.0,yes,no,unknown,1.0,0,unknown,5,0,45-55,16.5,no
42,technician,1013.0,no,yes,cellular,6.0,0,unknown,8,0,35-45,15.0,no
61,retired,3140.0,yes,yes,cellular,4.0,98,unknown,8,1,55-65,59.5,yes
50,admin.,81.0,no,yes,cellular,1.0,0,unknown,11,0,45-55,19.0,no
67,retired,1443.0,no,no,cellular,1.0,0,unknown,4,0,65+,88.5,yes
54,retired,1371.0,no,no,telephone,2.0,0,unknown,7,0,45-55,69.0,yes
34,blue-collar,129.0,yes,yes,cellular,1.0,200,success,11,1,25-35,66.5,yes
57,retired,-157.0,no,no,cellular,6.0,0,unknown,8,0,55-65,10.0,no
46,housemaid,3512.0,no,no,cellular,1.0,197,failure,10,1,45-55,77.0,yes
47,entrepreneur,0.0,no,no,telephone,2.0,0,unknown,11,0,45-55,46.0,no
48,unknown,3.0,no,no,cellular,2.0,0,unknown,8,0,45-55,35.0,no
46,blue-collar,668.0,yes,no,unknown,2.0,0,unknown,5,0,45-55,65.0,yes
28,management,203.0,no,no,cellular,2.0,0,unknown,1,0,25-35,26.5,no
39,blue-collar,142.0,no,yes,cellular,4.0,0,unknown,7,0,35-45,65.5,yes
51,entrepreneur,83.0,no,no,cellular,2.0,0,unknown,4,0,45-55,63.5,yes
35,management,80.0,no,no,cellular,2.0,94,other,9,1,25-35,70.0,yes
30,management,1636.0,no,no,unknown,2.0,0,unknown,6,0,25-35,21.0,no
40,blue-collar,87.0,yes,no,cellular,3.0,0,unknown,5,0,35-45,57.5,yes
37,technician,197.0,no,no,cellular,1.0,200,success,11,1,35-45,85.5,yes
45,admin.,59.0,yes,no,cellular,6.0,0,unknown,7,0,35-45,22.0,no
26,unemployed,3511.0,no,no,cellular,2.0,0,unknown,4,0,25-35,75.5,yes
32,blue-collar,-208.0,yes,yes,unknown,1.0,0,unknown,5,0,25-35,7.5,no
42,services,2567.0,yes,no,unknown,2.0,0,unknown,5,0,35-45,33.5,no
32,admin.,4020.5,yes,yes,unknown,1.0,0,unknown,10,0,25-35,62.0,yes
43,services,774.0,no,no,cellular,1.0,421,success,3,1,35-45,90.5,yes
31,technician,271.0,yes,no,cellular,1.0,0,unknown,5,0,25-35,34.0,no
49,management,1093.0,yes,yes,cellular,1.0,246,success,9,1,45-55,83.0,yes
32,admin.,1630.0,yes,no,cellular,1.0,0,unknown,1,0,25-35,44.0,no
38,entrepreneur,1438.0,no,no,cellular,5.0,0,unknown,11,0,35-45,50.5,yes
42,blue-collar,3.0,yes,no,unknown,1.0,0,unknown,5,0,35-45,0.5,no
32,technician,1307.0,yes,no,unknown,2.0,0,unknown,5,0,25-35,24.0,no
43,services,3403.0,yes,no,cellular,2.0,97,success,11,1,35-45,90.5,yes
60,admin.,-444.0,no,yes,cellular,1.0,0,unknown,7,0,55-65,20.0,no
41,blue-collar,196.0,yes,no,unknown,1.0,0,unknown,5,0,35-45,1.5,no
53,management,2894.0,yes,no,cellular,1.0,0,unknown,5,0,45-55,43.0,no
56,services,0.0,no,no,cellular,4.0,0,unknown,8,0,55-65,28.5,no
40,technician,103.0,yes,no,unknown,2.0,0,unknown,5,0,35-45,5.5,no
53,technician,4020.5,yes,no,unknown,1.0,0,unknown,5,0,45-55,4.0,no
48,blue-collar,456.0,yes,yes,unknown,1.0,0,unknown,5,0,45-55,16.0,no
46,technician,2149.0,yes,no,cellular,2.0,0,unknown,4,0,45-55,45.5,no
37,technician,1.0,yes,no,unknown,1.0,0,unknown,5,0,35-45,11.0,no
37,self-employed,0.0,no,no,unknown,4.0,0,unknown,5,0,35-45,10.5,no
35,technician,0.0,yes,no,cellular,4.0,0,unknown,11,0,25-35,15.92,no
34,management,275.0,no,no,cellular,2.0,455,other,8,1,25-35,73.5,yes
52,housemaid,3283.0,no,no,unknown,1.0,0,unknown,6,0,45-55,9.0,no
39,services,-96.0,yes,yes,telephone,6.0,0,unknown,5,0,35-45,20.5,no
54,blue-collar,-473.0,yes,no,cellular,1.0,351,failure,5,1,45-55,39.5,no
56,management,4020.5,no,no,unknown,2.0,0,unknown,6,0,55-65,29.0,no
32,management,131.0,no,no,unknown,3.0,0,unknown,6,0,25-35,15.0,no
34,technician,27.0,yes,no,unknown,3.0,0,unknown,5,0,25-35,18.0,no
54,management,1303.0,no,no,cellular,1.0,0,unknown,2,0,45-55,49.0,no
41,management,0.0,yes,no,cellular,3.0,0,unknown,11,0,35-45,34.5,no
38,admin.,0.0,no,yes,cellular,3.0,0,unknown,7,0,35-45,22.5,no
51,housemaid,289.0,no,no,unknown,5.0,0,unknown,5,0,45-55,5.5,no
36,technician,341.0,no,no,cellular,2.0,183,success,2,1,35-45,94.5,yes
38,technician,304.0,yes,no,cellular,2.0,0,unknown,4,0,35-45,69.5,yes
44,blue-collar,2185.0,yes,no,unknown,1.0,0,unknown,5,0,35-45,22.5,no
35,blue-collar,4020.5,yes,no,cellular,2.0,0,unknown,4,0,25-35,35.5,no
58,admin.,4020.5,yes,no,cellular,4.0,141,other,6,1,55-65,60.0,yes
53,technician,284.0,no,no,cellular,1.0,0,unknown,6,0,45-55,87.5,yes
36,blue-collar,1193.0,no,no,cellular,1.0,0,unknown,10,0,35-45,43.0,no
57,services,491.0,yes,no,cellular,3.0,0,unknown,4,0,55-65,40.75,no
27,technician,439.0,yes,no,cellular,2.0,0,unknown,4,0,25-35,49.5,no
39,entrepreneur,283.0,yes,no,unknown,2.0,0,unknown,5,0,35-45,1.0,no
41,self-employed,305.0,yes,no,cellular,2.0,0,unknown,5,0,35-45,48.5,no
56,admin.,0.0,yes,no,cellular,2.0,227,failure,4,1,55-65,20.0,no
52,services,1000.0,no,no,cellular,2.0,0,unknown,8,0,45-55,70.0,yes
43,management,3518.0,no,no,cellular,2.0,0,unknown,6,0,35-45,77.0,yes
47,management,0.0,no,no,cellular,2.0,0,unknown,8,0,45-55,64.5,yes
47,technician,19.0,yes,no,unknown,2.0,0,unknown,5,0,45-55,9.5,no
42,unemployed,1289.0,no,no,cellular,4.0,415,failure,7,1,35-45,77.0,yes
51,technician,2323.0,yes,yes,cellular,6.0,0,unknown,8,0,45-55,9.0,no
29,blue-collar,975.0,yes,no,unknown,2.0,0,unknown,5,0,25-35,29.5,no
37,technician,141.0,yes,no,cellular,1.0,364,failure,5,1,35-45,10.0,no
43,management,481.0,yes,no,cellular,1.0,20,other,6,1,35-45,49.0,no
57,services,0.0,no,no,cellular,1.0,0,unknown,8,0,55-65,35.0,no
33,admin.,51.0,yes,yes,cellular,1.0,284,success,10,1,25-35,71.5,yes
43,admin.,664.0,yes,no,cellular,1.0,0,unknown,4,0,35-45,41.0,no
59,self-employed,2013.0,no,no,cellular,4.0,94,success,2,1,55-65,87.5,yes
38,admin.,1988.0,no,no,cellular,1.0,67,success,6,1,35-45,81.0,yes
23,student,82.0,no,no,cellular,4.0,0,unknown,5,0,<25,73.5,yes
45,blue-collar,1558.0,yes,no,cellular,1.0,0,unknown,5,0,35-45,88.5,yes
56,technician,589.0,yes,no,unknown,2.0,0,unknown,5,0,55-65,11.0,no
46,blue-collar,4020.5,yes,no,cellular,3.0,0,unknown,5,0,45-55,66.0,yes
29,student,163.0,no,no,cellular,1.0,0,unknown,8,0,25-35,67.5,yes
45,services,1515.0,no,no,unknown,4.0,0,unknown,6,0,35-45,17.0,no
77,retired,0.0,no,no,cellular,1.0,60,success,10,1,65+,95.5,yes
59,entrepreneur,1728.0,no,no,cellular,2.0,0,unknown,7,0,55-65,44.5,no
54,admin.,1693.0,no,no,cellular,1.0,87,other,4,1,45-55,87.5,yes
57,admin.,4020.5,yes,no,cellular,1.0,323,failure,5,1,55-65,31.5,no
65,retired,276.0,no,no,cellular,1.0,0,unknown,4,0,55-65,87.0,yes
60,unemployed,0.0,no,no,cellular,1.0,412,other,7,1,55-65,76.5,yes
55,services,2476.0,yes,no,unknown,1.0,0,unknown,5,0,45-55,8.5,no
51,technician,2682.0,no,no,unknown,1.0,0,unknown,6,0,45-55,8.0,no
48,technician,-154.0,no,no,unknown,3.0,0,unknown,6,0,45-55,18.0,no
34,services,1182.0,yes,no,unknown,1.0,0,unknown,5,0,25-35,16.0,no
36,blue-collar,1830.0,no,no,cellular,1.0,91,failure,10,1,35-45,46.0,no
20,student,829.0,no,no,cellular,3.0,202,success,1,1,<25,79.0,yes
32,blue-collar,180.0,yes,no,cellular,1.0,0,unknown,5,0,25-35,60.0,yes
35,technician,198.0,no,no,cellular,6.0,0,unknown,8,0,25-35,29.5,no
43,blue-collar,245.0,yes,no,cellular,1.0,0,unknown,4,0,35-45,32.5,no
41,services,0.0,yes,yes,cellular,2.0,122,failure,6,1,35-45,32.0,no
58,management,4020.5,no,no,cellular,1.0,0,unknown,2,0,55-65,76.33,yes
52,self-employed,385.0,no,yes,cellular,4.0,0,unknown,8,0,45-55,21.0,no
30,management,4020.5,no,no,cellular,2.0,0,unknown,11,0,25-35,47.5,no
43,blue-collar,3.0,yes,no,unknown,3.0,0,unknown,5,0,35-45,6.0,no
30,management,46.0,no,no,cellular,3.0,0,unknown,8,0,25-35,11.0,no
59,management,782.0,no,yes,cellular,2.0,0,unknown,8,0,55-65,39.5,no
60,blue-collar,0.0,no,yes,unknown,1.0,0,unknown,6,0,55-65,29.5,no
45,management,2813.0,yes,no,cellular,1.0,0,unknown,5,0,35-45,18.0,no
48,blue-collar,0.0,no,no,unknown,2.0,0,unknown,6,0,45-55,42.5,no
43,management,2081.0,no,no,cellular,3.0,0,unknown,10,0,35-45,82.0,yes
25,blue-collar,17.0,yes,no,unknown,2.0,0,unknown,5,0,<25,42.0,no
31,technician,318.0,no,no,cellular,1.0,0,unknown,12,0,25-35,59.5,yes
42,blue-collar,784.0,no,no,cellular,3.0,0,unknown,4,0,35-45,49.5,no
33,technician,303.0,yes,no,cellular,1.0,301,success,2,1,25-35,49.0,no
54,unemployed,309.0,no,no,cellular,1.0,0,unknown,4,0,45-55,82.5,yes
27,admin.,73.0,no,no,cellular,1.0,0,unknown,2,0,25-35,28.0,no
43,blue-collar,1202.0,no,no,unknown,1.0,0,unknown,5,0,35-45,30.0,no
31,self-employed,1815.0,no,no,telephone,1.0,0,unknown,2,0,25-35,43.5,no
42,technician,757.0,no,no,cellular,1.0,0,unknown,2,0,35-45,69.0,yes
36,management,203.0,no,no,cellular,1.0,0,unknown,10,0,35-45,48.5,no
23,student,381.0,no,no,cellular,1.0,189,other,2,1,<25,80.5,yes
42,blue-collar,625.0,no,no,unknown,3.0,0,unknown,6,0,35-45,55.5,yes
43,management,1429.0,yes,no,cellular,1.0,198,other,11,1,35-45,62.0,yes
47,retired,3033.0,no,no,cellular,1.0,0,unknown,9,0,45-55,59.0,yes
33,services,1697.0,no,no,cellular,1.0,0,unknown,11,0,25-35,79.0,yes
50,management,-151.0,yes,no,cellular,2.0,0,unknown,11,0,45-55,15.0,no
36,blue-collar,218.0,yes,no,cellular,6.0,0,unknown,5,0,35-45,45.0,no
41,blue-collar,0.0,yes,yes,unknown,1.0,0,unknown,5,0,35-45,3.0,no
59,services,739.0,no,no,cellular,1.0,0,unknown,1,0,55-65,54.5,yes
77,retired,699.0,no,no,cellular,2.0,0,unknown,8,0,65+,82.5,yes
40,blue-collar,4020.5,no,no,unknown,1.0,0,unknown,11,0,35-45,56.0,yes
74,retired,166.0,no,no,cellular,1.0,0,unknown,8,0,65+,81.5,yes
29,management,697.0,no,no,cellular,1.0,85,success,4,1,25-35,96.0,yes
36,management,332.0,yes,no,cellular,6.0,0,unknown,5,0,35-45,52.5,yes
42,technician,994.0,yes,no,cellular,5.0,0,unknown,5,0,35-45,35.0,no
44,blue-collar,712.0,yes,yes,cellular,3.0,0,unknown,4,0,35-45,24.5,no
38,self-employed,1612.0,yes,no,cellular,1.0,0,unknown,5,0,35-45,58.0,yes
25,management,-242.0,yes,yes,cellular,4.0,332,other,5,1,<25,51.0,yes
54,technician,198.0,yes,yes,cellular,1.0,171,failure,11,1,45-55,27.0,no
22,student,549.0,no,no,cellular,1.0,0,unknown,9,0,<25,96.0,yes
33,entrepreneur,114.0,no,yes,cellular,3.0,0,unknown,7,0,25-35,55.5,yes
33,blue-collar,-253.0,yes,no,cellular,3.0,0,unknown,5,0,25-35,34.0,no
33,technician,1636.0,yes,no,cellular,1.0,66,success,5,1,25-35,61.0,yes
34,blue-collar,182.0,no,no,cellular,2.0,0,unknown,8,0,25-35,30.5,no
30,blue-collar,4020.5,yes,no,cellular,1.0,0,unknown,11,0,25-35,44.5,no
31,management,1032.0,no,no,cellular,1.0,0,unknown,7,0,25-35,56.5,yes
27,blue-collar,535.0,no,no,cellular,1.0,87,success,5,1,25-35,94.5,yes
26,admin.,-930.0,yes,no,cellular,1.0,0,unknown,5,0,25-35,58.5,yes
58,housemaid,435.0,yes,no,telephone,6.0,0,unknown,7,0,55-65,36.5,no
25,management,493.0,yes,no,unknown,1.0,0,unknown,6,0,<25,24.0,no
35,management,0.0,yes,no,telephone,1.0,0,unknown,10,0,25-35,33.0,no
65,unemployed,3195.0,no,no,telephone,1.0,0,unknown,3,0,55-65,82.0,yes
38,blue-collar,0.0,yes,no,unknown,1.0,0,unknown,6,0,35-45,9.0,no
47,housemaid,-1531.0,yes,no,cellular,6.0,0,unknown,7,0,45-55,39.0,no
32,student,1102.0,no,no,telephone,1.0,0,unknown,10,0,25-35,58.0,yes
43,technician,-754.0,yes,yes,cellular,3.0,0,unknown,7,0,35-45,10.0,no
55,technician,169.0,no,yes,cellular,2.0,0,unknown,8,0,45-55,23.5,no
65,retired,828.0,no,no,cellular,1.0,0,unknown,7,0,55-65,33.5,no
28,admin.,-7.0,no,yes,unknown,2.0,0,unknown,6,0,25-35,48.5,no
36,blue-collar,1822.0,yes,no,cellular,1.0,323,other,4,1,35-45,24.0,no
30,technician,4020.5,no,yes,cellular,6.0,0,unknown,8,0,25-35,19.5,no
36,admin.,3954.0,yes,no,unknown,1.0,0,unknown,5,0,35-45,18.0,no
25,student,2354.0,no,no,cellular,6.0,0,unknown,2,0,<25,74.5,yes
32,unemployed,1026.0,yes,no,cellular,1.0,0,unknown,5,0,25-35,43.0,no
36,blue-collar,1177.0,no,no,cellular,1.0,311,success,4,1,35-45,84.0,yes
52,blue-collar,0.0,yes,no,cellular,1.0,0,unknown,7,0,45-55,39.71,no
27,management,802.0,no,no,cellular,1.0,0,unknown,9,0,25-35,81.5,yes
52,management,31.0,no,no,cellular,1.0,0,unknown,3,0,45-55,60.0,yes
46,management,-27.0,yes,no,cellular,1.0,0,unknown,5,0,45-55,15.5,no
46,technician,4020.5,no,no,cellular,1.0,276,other,7,1,45-55,92.5,yes
51,blue-collar,1432.0,no,no,cellular,1.0,0,unknown,7,0,45-55,67.0,yes
59,unemployed,957.0,no,no,cellular,1.0,89,success,3,1,55-65,98.5,yes
31,self-employed,762.0,no,no,cellular,3.0,0,unknown,8,0,25-35,43.5,no
48,management,4020.5,yes,no,cellular,2.0,96,other,5,1,45-55,63.0,yes
41,self-employed,0.0,no,no,cellular,1.0,0,unknown,11,0,35-45,58.0,yes
41,technician,862.0,no,no,cellular,2.0,0,unknown,11,0,35-45,53.0,yes
34,management,161.0,yes,no,cellular,1.0,0,unknown,7,0,25-35,19.0,no
44,management,126.0,yes,no,unknown,1.0,0,unknown,5,0,35-45,10.0,no
47,management,159.0,no,no,telephone,3.0,155,other,10,1,45-55,62.0,yes
37,technician,189.0,no,no,cellular,2.0,0,unknown,6,0,35-45,83.5,yes
36,management,2646.0,no,no,cellular,1.0,182,success,10,1,35-45,96.5,yes
31,technician,-302.0,no,no,cellular,2.0,0,unknown,8,0,25-35,8.71,no
39,admin.,0.0,no,no,cellular,1.0,436,failure,1,1,35-45,54.0,yes
29,management,983.0,yes,no,cellular,2.0,0,unknown,7,0,25-35,86.0,yes
39,housemaid,70.0,no,no,cellular,2.0,128,success,6,1,35-45,84.0,yes
37,housemaid,187.0,no,no,unknown,1.0,0,unknown,6,0,35-45,10.0,no
23,student,556.0,yes,no,cellular,2.0,0,unknown,5,0,<25,85.0,yes
